seed_doc_id	seed_doc	seed_ref_id	seed_ref	doc_id	doc	ref_id	ref	TRUE	Hash
595fa07dfe7683316b2dea08	<Article: "Atti della R. deputazione veneta di storia patria" in "Archivio veneto-tridentino", 3(None) 1923, internal_id=LO10016734:1923_3:8>	591463adfb15c81221c68328	Yitt. Lazzarini, Antiche leggi venete intorno a proprietari nella, terraferma in N. A. Yen., n. s. 1920 vol. XXXVIII, pp. 5-31	5964a608fe76833e9fc8a7bf	<Book: Memorie. Classe di scienze morali, lettere ed arti,  Istituto veneto di scienze lettere ed arti,, 2008, ISBN: 978-88-88143-96-5>	59de7a2048e232540c5ca5f3	U. Bregolini, Elementi di giurisprudenza civile secondo le leggi romane, e venete [...], I, Venezia 1787, lib. II, tit. VI delle usucapioni, e prescrizioni di lungo tempo, Appendice delle Leggi Venete [...], pp.  286-287;	0	1
595fa07dfe7683316b2dea08	<Article: "Atti della R. deputazione veneta di storia patria" in "Archivio veneto-tridentino", 3(None) 1923, internal_id=LO10016734:1923_3:8>	591463adfb15c81221c68328	Yitt. Lazzarini, Antiche leggi venete intorno a proprietari nella, terraferma in N. A. Yen., n. s. 1920 vol. XXXVIII, pp. 5-31	59dc75ddfe76834059d44a1a	<Book: Il feudo di Zelarino 1331-1858 : materiali dell'archivio Foscari-San Simeon confluito nell'archivio Gradenigo-Rio Marin,  La Malcontenta,, 2010>	59e2c5a988316171ebb9c32c	V. Lazzarini, Antiche Leggi venete intorno ai proprietari nella terraferma, Venezia 1920.	1	1
595fa07dfe7683316b2dea08	<Article: "Atti della R. deputazione veneta di storia patria" in "Archivio veneto-tridentino", 3(None) 1923, internal_id=LO10016734:1923_3:8>	591463adfb15c81221c68328	Yitt. Lazzarini, Antiche leggi venete intorno a proprietari nella, terraferma in N. A. Yen., n. s. 1920 vol. XXXVIII, pp. 5-31	5988a73cc12c607d121e58d1	<Book: Ambiente veneziano, ambiente veneto : saggi su politica, società, cultura nella Repubblica di Venezia in età moderna,  Marsilio, \1997, 1997, ISBN: 88-317-6709-7>	59e2c59d88316171ebb557d5	V. Lazzarini, Proprietà e feudi in antiche leggi veneziane , Roma 1960, pp. 10 ss.	0	1
595fa07dfe7683316b2dea08	<Article: "Atti della R. deputazione veneta di storia patria" in "Archivio veneto-tridentino", 3(None) 1923, internal_id=LO10016734:1923_3:8>	591463adfb15c81221c68328	Yitt. Lazzarini, Antiche leggi venete intorno a proprietari nella, terraferma in N. A. Yen., n. s. 1920 vol. XXXVIII, pp. 5-31	59884867c12c603263e2450a	<Book: Il volgare e la legge : storia linguistica del diritto veneziano, secoli 13.-18.,  Esedra, \2001, 2001, ISBN: 88-86413-78-5>	59e067ba8ee1df044433c815	V. Lazzarini, Proprietà e feudi, offizi, garzoni, carcerati in antiche leggi veneziane, Roma, Edizioni di Storia e Letteratura, 1960	0	1
595fa07dfe7683316b2dea08	<Article: "Atti della R. deputazione veneta di storia patria" in "Archivio veneto-tridentino", 3(None) 1923, internal_id=LO10016734:1923_3:8>	591463adfb15c81221c68328	Yitt. Lazzarini, Antiche leggi venete intorno a proprietari nella, terraferma in N. A. Yen., n. s. 1920 vol. XXXVIII, pp. 5-31	59621ddafe76832067212695	<Book: Repertorio di storiografia veneziana : testi e studi,  Il poligrafo, \1998, 1998, ISBN: 88-7115-096-1>	59e332f68831617f5edde462	Molmenti Pompeo, Ordinanze e leggi venete sul contrabbando, in Id., Curiosità di storia veneziana, Bologna 1919,65-142	0	1
595fa07dfe7683316b2dea08	<Article: "Atti della R. deputazione veneta di storia patria" in "Archivio veneto-tridentino", 3(None) 1923, internal_id=LO10016734:1923_3:8>	591463adfb15c81221c68328	Yitt. Lazzarini, Antiche leggi venete intorno a proprietari nella, terraferma in N. A. Yen., n. s. 1920 vol. XXXVIII, pp. 5-31	59608adefe768365560e8370	<Book: Forze di lavoro e proprieta fondiaria nelle campagne venete dei secoli 17. e 18. : la penetrazione economica dei veneziani in terraferma,  Istituto per la collaborazione culturale, stampa, 1961>	59e2c59e88316171ebb5d593	Lazzarini, Antiche leggi venete intorno ai proprietari nella Terraferma, in « Nuovo Archivio Veneto », nuova serie, Anno XXI, Tomo XXXVIII, Venezia, 1920.	1	1
595fa07dfe7683316b2dea08	<Article: "Atti della R. deputazione veneta di storia patria" in "Archivio veneto-tridentino", 3(None) 1923, internal_id=LO10016734:1923_3:8>	591463adfb15c81221c68328	Yitt. Lazzarini, Antiche leggi venete intorno a proprietari nella, terraferma in N. A. Yen., n. s. 1920 vol. XXXVIII, pp. 5-31	595fb7cffe76834e5df6c02d	<Book: Materiali per una bibliografia sulla laguna e sul golfo di Venezia,  Consorzio per lo sviluppo della pesca e dell'acquicoltura del Veneto,, 1982>	59e333088831617f5ee9505b	CRESCINI V. - LAZZARINI V. - MEDIN A. 1921-22. I cognomi del Veneto e più particolarmente di Venezia, Atti 1st. Veneto Sci. Lett. Arti, 81(1) (1921-22), 49. —1923-24.	0	1
595fa07dfe7683316b2dea08	<Article: "Atti della R. deputazione veneta di storia patria" in "Archivio veneto-tridentino", 3(None) 1923, internal_id=LO10016734:1923_3:8>	591463adfb15c81221c68328	Yitt. Lazzarini, Antiche leggi venete intorno a proprietari nella, terraferma in N. A. Yen., n. s. 1920 vol. XXXVIII, pp. 5-31	59dc75cefe76834059d4495c	<Book: Charitable institutions, the jewish community, and Venetian society : a discussion of the recent volume by Brian Pullan,  Leo S. Olschki, [1972?, 1972>	59de7a1f48e232540c5bb04e	V. Lazzarini, Proprietà e feudi, offizi, garzoni, carcerati in antiche leggi veneziane, Rome 1960.	0	1
595fa07dfe7683316b2dea08	<Article: "Atti della R. deputazione veneta di storia patria" in "Archivio veneto-tridentino", 3(None) 1923, internal_id=LO10016734:1923_3:8>	591463adfb15c81221c68328	Yitt. Lazzarini, Antiche leggi venete intorno a proprietari nella, terraferma in N. A. Yen., n. s. 1920 vol. XXXVIII, pp. 5-31	59dc752bfe76834059d44327	<Book: Consulti,  Istituti editoriali e poligrafici internazionali, \2001, 2001, ISBN: 88-8147-205-8>	59e2c5a988316171ebb95286	“nella Biblioteca di Brera abbiamo un codice in pergamena di bellissima lezione, contenente le leggi venete intorno a questa materia”, in Cantù, Scorsa di un lombardo negli archivj di Venezia, Milano 1856, Appendice A, p. 23;	0	1
595fa07dfe7683316b2dea08	<Article: "Atti della R. deputazione veneta di storia patria" in "Archivio veneto-tridentino", 3(None) 1923, internal_id=LO10016734:1923_3:8>	591463adfb15c81221c68328	Yitt. Lazzarini, Antiche leggi venete intorno a proprietari nella, terraferma in N. A. Yen., n. s. 1920 vol. XXXVIII, pp. 5-31	595fa04afe7683316b2de086	<Article: "The Procurators of San Marco in thirteenth and fourtheen centuries: a study of the office as a financial and trust institution" in "Studi veneziani", 13(None) 1971, internal_id=LO10016101:1971_13:3>	58e4ce01fe7683152b596388	Lazzarini, L’avvocato dei carcerati poveri a Venezia, reprinted in Proprietà e feudi, offizi, garzoni, carcerati in antiche leggi vene- ziane, Rome 1960, pp. 89-113.	0	1
595fa07dfe7683316b2dea08	<Article: "Atti della R. deputazione veneta di storia patria" in "Archivio veneto-tridentino", 3(None) 1923, internal_id=LO10016734:1923_3:8>	591463adfb15c81221c68328	Yitt. Lazzarini, Antiche leggi venete intorno a proprietari nella, terraferma in N. A. Yen., n. s. 1920 vol. XXXVIII, pp. 5-31	5960bc08fe768368c60e83da	<Book: Studi sulle colonie veneziane in Romania nel 13. secolo,  Tip. La buona stampa,, 1966>	59de7a2048e232540c5c6ace	V. Lazzarini, Obblighi di assumere pubblici uffici nelle antiche leggi veneziane, in Archivio veneto, s. V, 19 (1936), p. 186.	0	1
595fa07dfe7683316b2dea08	<Article: "Atti della R. deputazione veneta di storia patria" in "Archivio veneto-tridentino", 3(None) 1923, internal_id=LO10016734:1923_3:8>	591463adfb15c81221c68328	Yitt. Lazzarini, Antiche leggi venete intorno a proprietari nella, terraferma in N. A. Yen., n. s. 1920 vol. XXXVIII, pp. 5-31	595fa05ffe7683316b2de453	<Article: "La società padovana di fine Settecento in un manoscritto inedito di Girolamo Polcastro (1763-1839)" in "Studi veneziani", 31(None) 1996, internal_id=LO10016101:1996_31:9>	58e4ce01fe7683152b58c4cc	Lazzarini, Le origini del partito democratico a Padova, Ferrari, Venezia 1920, p. 44-46.	0	1
595fa07dfe7683316b2dea08	<Article: "Atti della R. deputazione veneta di storia patria" in "Archivio veneto-tridentino", 3(None) 1923, internal_id=LO10016734:1923_3:8>	591463adfb15c81221c68328	Yitt. Lazzarini, Antiche leggi venete intorno a proprietari nella, terraferma in N. A. Yen., n. s. 1920 vol. XXXVIII, pp. 5-31	59dc74b9fe768340301be9f8	<Book: Sei testi veneti antichi,  Jouvence, [1987, 1987, ISBN: 88-7801-083-9>	59e23a5388316162133f1e72	V. Lazzarini, Antiche leggi venete intorno ai proprietari nella terraferma, in Proprietà e feudi, offizi, garzoni, carcerati in antiche leggi veneziane, Roma 1960, pp. 9-29.	0	1
595fa07dfe7683316b2dea08	<Article: "Atti della R. deputazione veneta di storia patria" in "Archivio veneto-tridentino", 3(None) 1923, internal_id=LO10016734:1923_3:8>	591463adfb15c81221c68328	Yitt. Lazzarini, Antiche leggi venete intorno a proprietari nella, terraferma in N. A. Yen., n. s. 1920 vol. XXXVIII, pp. 5-31	59f02ac0fe7683438bf3d52b	<Book: Devozione e committenza : Bellini, Tiziano e i Frari, Venezia : Marsilio, 1991., 1991>	59df53d09be3c75c2e68af44	Vittorio Lazzarini, Obbligo di assumere pubblici uffià nelle antiche leggi veneziane, in Id., Proprietà e feudi, offici, garzoni, carcerati in antiche leggi veneziane. Saggi, Roma 1960, pp. 49-60;	0	1
595fa07dfe7683316b2dea08	<Article: "Atti della R. deputazione veneta di storia patria" in "Archivio veneto-tridentino", 3(None) 1923, internal_id=LO10016734:1923_3:8>	591463adfb15c81221c68328	Yitt. Lazzarini, Antiche leggi venete intorno a proprietari nella, terraferma in N. A. Yen., n. s. 1920 vol. XXXVIII, pp. 5-31	59dc74bcfe768340301bea1b	<Book: Venice and the Veneto in the early Renaissance,  Ashgate Variorum, , 2000, ISBN: 086078813X>	59e332f78831617f5ee04461	V. LAZZAR1NI, Proprietà e Feudi in Antiche Leggi Veneziane, in Proprietà e feudi, Roma (1960), pag. 19. 27S.R. ELL, Citizenship and Immigration in Venice, 1305-1500, Ph.D. thesis, University of Chicago (1976).	0	1
595fa07dfe7683316b2dea08	<Article: "Atti della R. deputazione veneta di storia patria" in "Archivio veneto-tridentino", 3(None) 1923, internal_id=LO10016734:1923_3:8>	591463adfb15c81221c68328	Yitt. Lazzarini, Antiche leggi venete intorno a proprietari nella, terraferma in N. A. Yen., n. s. 1920 vol. XXXVIII, pp. 5-31	595f9d46fe7683316b2dc7db	<Article: "Forestieri e rappresaglie nella legislazione trevigiana dei secc. XIII-XVIII e attraverso documenti editi ed inediti" in "Archivio veneto", 103(None) 1974, internal_id=LO10015953:1974_103:1>	58e4ce00fe7683152b574829	V. Lazzarini, Proprietà e feudi, offizi, garzoni, carcerati in antiche leggi veneziane, Roma i960, pp. 9-29;	0	1
595fa07dfe7683316b2dea08	<Article: "Atti della R. deputazione veneta di storia patria" in "Archivio veneto-tridentino", 3(None) 1923, internal_id=LO10016734:1923_3:8>	591463adfb15c81221c68328	Yitt. Lazzarini, Antiche leggi venete intorno a proprietari nella, terraferma in N. A. Yen., n. s. 1920 vol. XXXVIII, pp. 5-31	59dc7472fe76834007de8dfa	<Book: 4.2 : Il Seicento,  N. Pozza,, 1984>	59e0adbcf98262071bfbddd5	V. Lazzari«, Proprietà e feudi in antiche leggi veneziane, Roma i960, pp. io sgg.	0	1
595fa07dfe7683316b2dea08	<Article: "Atti della R. deputazione veneta di storia patria" in "Archivio veneto-tridentino", 3(None) 1923, internal_id=LO10016734:1923_3:8>	591463adfb15c81221c68328	Yitt. Lazzarini, Antiche leggi venete intorno a proprietari nella, terraferma in N. A. Yen., n. s. 1920 vol. XXXVIII, pp. 5-31	59dc7516fe76834059d4424f	<Book: Marino Faliero : avanti il Dogado, la congiura, appendici,  G. C. Sansoni, [1963, 1963>	59e23a598831616213454a27	V. L., Proprietà e feudi, offizi, garzoni, carcerati in antiche leggi veneziane, Roma, i960, pp. 139-156.	0	1
595fa07dfe7683316b2dea08	<Article: "Atti della R. deputazione veneta di storia patria" in "Archivio veneto-tridentino", 3(None) 1923, internal_id=LO10016734:1923_3:8>	591463adfb15c81221c68328	Yitt. Lazzarini, Antiche leggi venete intorno a proprietari nella, terraferma in N. A. Yen., n. s. 1920 vol. XXXVIII, pp. 5-31	595fa061fe7683316b2de4b7	<Article: " Re-examining Federico Contaros Retirement to Rome" in "Studi veneziani", 35(None) 1998, internal_id=LO10016101:1998_35:3>	58e4ce01fe7683152b594c56	A. Papado pou, Leggi venete intorno agli ecclesiastici sino al secolo XVIII (Venice, 1864), p. 24,	0	1
595fa07dfe7683316b2dea08	<Article: "Atti della R. deputazione veneta di storia patria" in "Archivio veneto-tridentino", 3(None) 1923, internal_id=LO10016734:1923_3:8>	591463adfb15c81221c68328	Yitt. Lazzarini, Antiche leggi venete intorno a proprietari nella, terraferma in N. A. Yen., n. s. 1920 vol. XXXVIII, pp. 5-31	59dc74aafe768340301be963	<Book: Storia di Venezia,  Istituto della Enciclopedia italiana, , 1997>	59e2c5aa88316171ebbd03d5	Vittorio Lazzarini, Possessi e feudi veneziani nel Fena-rese, in Id., Proprietà e fetidi, offizi, garzoni, carcerati in antiche leggi veneziane, Roma i960, pp. 31-48.	0	1
595fa07dfe7683316b2dea08	<Article: "Atti della R. deputazione veneta di storia patria" in "Archivio veneto-tridentino", 3(None) 1923, internal_id=LO10016734:1923_3:8>	591463adfb15c81221c68328	Yitt. Lazzarini, Antiche leggi venete intorno a proprietari nella, terraferma in N. A. Yen., n. s. 1920 vol. XXXVIII, pp. 5-31	595fae3efe768344e2f6c076	<Book: Studi di storia economica veneziana,  CEDAM,, 1954>	59e2c5a888316171ebb895b3	Lazzarini, Antiche leggi venete intorno ai proprietari nella Terraferma, dans « Nuovo Arch. Veneto », N. S., t. 38, 1919.	1	1
595fa07dfe7683316b2dea08	<Article: "Atti della R. deputazione veneta di storia patria" in "Archivio veneto-tridentino", 3(None) 1923, internal_id=LO10016734:1923_3:8>	591463adfb15c81221c68328	Yitt. Lazzarini, Antiche leggi venete intorno a proprietari nella, terraferma in N. A. Yen., n. s. 1920 vol. XXXVIII, pp. 5-31	59dc75d5fe76834059d449c1	<Book: Componenti storico artistiche e culturali a Venezia nei secoli 13. e 14. : il libro dell'arte,  Ateneo veneto, \1981?, 1981>	59e332f68831617f5edd7bf8	V. LAZZARINI, Proprietà e Feudi in Antiche Leggi Veneziane, in Proprietà e feudi, Roma (1960), pag. 19.	0	1
595fa07dfe7683316b2dea08	<Article: "Atti della R. deputazione veneta di storia patria" in "Archivio veneto-tridentino", 3(None) 1923, internal_id=LO10016734:1923_3:8>	591463adfb15c81221c68328	Yitt. Lazzarini, Antiche leggi venete intorno a proprietari nella, terraferma in N. A. Yen., n. s. 1920 vol. XXXVIII, pp. 5-31	5964a608fe76833e9fc8a7bf	<Book: Memorie. Classe di scienze morali, lettere ed arti,  Istituto veneto di scienze lettere ed arti,, 2008, ISBN: 978-88-88143-96-5>	59de7a2048e232540c5ca799	Angeli M., Vol. II del metodo delle leggi venete [...] Legum Venetarum compilatarum methodi vol. II. [...], Venezia 1688.	0	1
595fa07dfe7683316b2dea08	<Article: "Atti della R. deputazione veneta di storia patria" in "Archivio veneto-tridentino", 3(None) 1923, internal_id=LO10016734:1923_3:8>	591463adfb15c81221c68328	Yitt. Lazzarini, Antiche leggi venete intorno a proprietari nella, terraferma in N. A. Yen., n. s. 1920 vol. XXXVIII, pp. 5-31	59dc75ddfe76834059d44a1a	<Book: Il feudo di Zelarino 1331-1858 : materiali dell'archivio Foscari-San Simeon confluito nell'archivio Gradenigo-Rio Marin,  La Malcontenta,, 2010>	59e2c5a988316171ebb9c121	V. Lazzarini, Antiche leggi venete intorno ai proprietari nella terraferma, Venezia 1920).	1	1
595fa07dfe7683316b2dea08	<Article: "Atti della R. deputazione veneta di storia patria" in "Archivio veneto-tridentino", 3(None) 1923, internal_id=LO10016734:1923_3:8>	591463adfb15c81221c68328	Yitt. Lazzarini, Antiche leggi venete intorno a proprietari nella, terraferma in N. A. Yen., n. s. 1920 vol. XXXVIII, pp. 5-31	59621ddafe76832067212695	<Book: Repertorio di storiografia veneziana : testi e studi,  Il poligrafo, \1998, 1998, ISBN: 88-7115-096-1>	59e332f68831617f5edde624	Lazzarini Vittorio, Proprietà e feudi, offizi, garzoni, carcerati in antiche leggi veneziane, Roma 1960	0	1
595fa07dfe7683316b2dea08	<Article: "Atti della R. deputazione veneta di storia patria" in "Archivio veneto-tridentino", 3(None) 1923, internal_id=LO10016734:1923_3:8>	591463adfb15c81221c68328	Yitt. Lazzarini, Antiche leggi venete intorno a proprietari nella, terraferma in N. A. Yen., n. s. 1920 vol. XXXVIII, pp. 5-31	59600202fe76835614f6c08d	<Book: Viridarium floridum : studi di storia veneta offerti dagli allievi a Paolo Sambin,  Antenore,, 1984>	59e332fa8831617f5ee3df37	Lazzarimi, Antichi ordinamenti veneziani a tutela del lavoro dei garzoni, in Proprietà e feudi, offizi, garzoni, carcerati in antiche leggi veneziane,  Roma i960, 61-75	0	1
595fa07dfe7683316b2dea08	<Article: "Atti della R. deputazione veneta di storia patria" in "Archivio veneto-tridentino", 3(None) 1923, internal_id=LO10016734:1923_3:8>	591463adfb15c81221c68328	Yitt. Lazzarini, Antiche leggi venete intorno a proprietari nella, terraferma in N. A. Yen., n. s. 1920 vol. XXXVIII, pp. 5-31	59dc749efe768340301be8e6	<Book: Il sale e la fortuna di Venezia,  Jouvence, \1990, 1990, ISBN: 88-7801-091-X>	59e067ba8ee1df044434090b	Lazzarini V., Proprietà e feudi. Offici, garzoni, carcerati in antiche leggi veneziane, Roma 1960.	0	1
595fa07dfe7683316b2dea08	<Article: "Atti della R. deputazione veneta di storia patria" in "Archivio veneto-tridentino", 3(None) 1923, internal_id=LO10016734:1923_3:8>	591463adfb15c81221c68328	Yitt. Lazzarini, Antiche leggi venete intorno a proprietari nella, terraferma in N. A. Yen., n. s. 1920 vol. XXXVIII, pp. 5-31	595facbffe768340f8f6c082	<Book: Firstborn of Venice : Vicenza in the early Renaissance state,  The Johns Hopkins university press, copyr., 1988, ISBN: 0801836131>	59e333078831617f5ee5d60b	Vittorio Lazzarini, Proprietà e feudi, qffizi, garzoni, carcerati in antiche leggi veneziane (Rome: Edizioni di Storia e Letteratura, 1960), p. 91.	0	1
595fa07dfe7683316b2dea08	<Article: "Atti della R. deputazione veneta di storia patria" in "Archivio veneto-tridentino", 3(None) 1923, internal_id=LO10016734:1923_3:8>	591463adfb15c81221c68328	Yitt. Lazzarini, Antiche leggi venete intorno a proprietari nella, terraferma in N. A. Yen., n. s. 1920 vol. XXXVIII, pp. 5-31	59dc749dfe768340301be8d6	<Book: Contributi alla storia della Chiesa di Venezia,  Studium cattolico veneziano, \1988, 1988>	59e333088831617f5ee7fa6b	Lazzarini, Proprietà efeudi, offici, garzoni, carcerati in antiche leggi veneziane,  Roma i960 (Storia ed economia, 6), pp. 33-34.	0	1
595fa07dfe7683316b2dea08	<Article: "Atti della R. deputazione veneta di storia patria" in "Archivio veneto-tridentino", 3(None) 1923, internal_id=LO10016734:1923_3:8>	591463adfb15c81221c68328	Yitt. Lazzarini, Antiche leggi venete intorno a proprietari nella, terraferma in N. A. Yen., n. s. 1920 vol. XXXVIII, pp. 5-31	595faf84fe7683456bf6c054	<Book: Renaissance Venice,  Faber and Faber,, 1973, ISBN: 0571089755>	59e23a598831616213466764	V. Lazzarini, Obbligo di assumere pubblici uffici nelle antiche leggi veneziane’, in Proprietà e feudi, offizi, garzoni, carcerati in antiche leggi veneziane. Saggi (Rome, i960) 49-60,	0	1
595fa07dfe7683316b2dea08	<Article: "Atti della R. deputazione veneta di storia patria" in "Archivio veneto-tridentino", 3(None) 1923, internal_id=LO10016734:1923_3:8>	591463adfb15c81221c68328	Yitt. Lazzarini, Antiche leggi venete intorno a proprietari nella, terraferma in N. A. Yen., n. s. 1920 vol. XXXVIII, pp. 5-31	5961042efe76836e520e8370	<Book: Proprietà e feudi, offizi, garzoni, carcerati in antiche leggi veneziane : saggi seguiti da una notizia biografica e dalla bibliografia dell'autore,  Edizioni di storia e letteratura,, 1960, ISBN: 978-88-8498-787-7>	59de7a2048e232540c5de029	« Cum progenitores nostri vigi-«laverint, totis spiritibus suis, pro bono et conservatione status nostri ad «servandum equalitatem, et quod in cunctis actibus nostri regiminis servaretur talis equalitas quod omne iudicium et terminatio que procederet a «7 Pubbl. da A. Sagredo, Leggi venete intorno agli ecclesiastici sino al secolo XVIII, ία « Arch, stör. itaL », S. Ill, to. II (1865), p. 116.	0	1
595fa07dfe7683316b2dea08	<Article: "Atti della R. deputazione veneta di storia patria" in "Archivio veneto-tridentino", 3(None) 1923, internal_id=LO10016734:1923_3:8>	591463adfb15c81221c68328	Yitt. Lazzarini, Antiche leggi venete intorno a proprietari nella, terraferma in N. A. Yen., n. s. 1920 vol. XXXVIII, pp. 5-31	59dc74a7fe768340301be943	<Book: 3: Dal primo Quattrocento al Concilio di Trento. -,  N. Pozza, °1980, 1980>	59e23a588831616213448126	V. Lazzarini, Obbligo di assumere pubblici uffici nelle antiche leggi veneziane (1936), ora in Proprietà e feudi, garzoni, carcerati in antiche leggi veneziane, Roma 1960, pp. 49-60.	0	1
595fa07dfe7683316b2dea08	<Article: "Atti della R. deputazione veneta di storia patria" in "Archivio veneto-tridentino", 3(None) 1923, internal_id=LO10016734:1923_3:8>	591463adfb15c81221c68328	Yitt. Lazzarini, Antiche leggi venete intorno a proprietari nella, terraferma in N. A. Yen., n. s. 1920 vol. XXXVIII, pp. 5-31	5960e61dfe76836c950e838c	<Book: Storia di Venezia,  Istituto della Enciclopedia italiana, , 1997>	59e23a598831616213474112	Vittorio Lazzarini, Proprietà e feudi, uffizi, garzoni, carcerati in antiche leggi neneziane, Roma i960, p. 38;	0	1
595fa07dfe7683316b2dea08	<Article: "Atti della R. deputazione veneta di storia patria" in "Archivio veneto-tridentino", 3(None) 1923, internal_id=LO10016734:1923_3:8>	591463adfb15c81221c68328	Yitt. Lazzarini, Antiche leggi venete intorno a proprietari nella, terraferma in N. A. Yen., n. s. 1920 vol. XXXVIII, pp. 5-31	59621a8dfe768320212126a2	<Book: Ricchezza e potenza nella Venezia medioevale : la famiglia Ziani,  Il veltro,, 2005, ISBN: 88-85015-49-2>	59de7a2048e232540c5e0e80	LazzarINI, V., Antiche leggi venete intorno ai proprietari nella terraferma, in: NAV21 (1919) 5-31.	1	1
595fa07dfe7683316b2dea08	<Article: "Atti della R. deputazione veneta di storia patria" in "Archivio veneto-tridentino", 3(None) 1923, internal_id=LO10016734:1923_3:8>	591463adfb15c81221c68328	Yitt. Lazzarini, Antiche leggi venete intorno a proprietari nella, terraferma in N. A. Yen., n. s. 1920 vol. XXXVIII, pp. 5-31	595fad2cfe768340faf6c08f	<Book: L'ordinamento giuridico veneziano : lezioni di storia del diritto veneziano con una nota bibliografica,  CLEUP,, 1980>	59e332fa8831617f5ee2f27b	P. Molmenti, Ondlnanze e leggi venete sul contnabbando , estr. da Curiosità distonia veneziana, Bologna 1920;	0	1
595fa07dfe7683316b2dea08	<Article: "Atti della R. deputazione veneta di storia patria" in "Archivio veneto-tridentino", 3(None) 1923, internal_id=LO10016734:1923_3:8>	591463adfb15c81221c68328	Yitt. Lazzarini, Antiche leggi venete intorno a proprietari nella, terraferma in N. A. Yen., n. s. 1920 vol. XXXVIII, pp. 5-31	595facbffe768340f8f6c082	<Book: Firstborn of Venice : Vicenza in the early Renaissance state,  The Johns Hopkins university press, copyr., 1988, ISBN: 0801836131>	59e333078831617f5ee5d6dd	Vittorio Lazzarini, “Antiche leggi intorno ai proprietari nella terraferma," in his Proprietà e feudi, offizi, garzoni, carcerati in antiche leggi veneziane (Rome: Edizioni di Storia e Letteratura, 1960), esp. p. 9.	0	1
595fa07dfe7683316b2dea08	<Article: "Atti della R. deputazione veneta di storia patria" in "Archivio veneto-tridentino", 3(None) 1923, internal_id=LO10016734:1923_3:8>	591463adfb15c81221c68328	Yitt. Lazzarini, Antiche leggi venete intorno a proprietari nella, terraferma in N. A. Yen., n. s. 1920 vol. XXXVIII, pp. 5-31	5960e836fe76836ca20e83d2	<Book: Storia di Venezia,  Istituto della Enciclopedia italiana, , 1996>	59e333088831617f5ee91733	Lazzarini, Antiche leggi venele intorno ai proprietari nella Terraferma, in Id., Proprietà e feudi, offizi, garzoni, carcerati in antiche leggi veneziane. Saggi seguili da una notizia biografica e dalla bibliografia dell’autore, Roma ig6o, p. 9 [pp. 9-29;	0	1
595fa07dfe7683316b2dea08	<Article: "Atti della R. deputazione veneta di storia patria" in "Archivio veneto-tridentino", 3(None) 1923, internal_id=LO10016734:1923_3:8>	591463adfb15c81221c68328	Yitt. Lazzarini, Antiche leggi venete intorno a proprietari nella, terraferma in N. A. Yen., n. s. 1920 vol. XXXVIII, pp. 5-31	59dc74a8fe768340301be953	<Book: Storia di Venezia,  Istituto della Enciclopedia italiana,, 1992>	59e2c5aa88316171ebbcee0a	Vittorio Lazzarini, Possessi e feudi veneziani nel Ferrarese, in Id., Proprietà e feudi, uffizi, garzoni, carcerati in antiche leggi veneziane, Roma i960, pp. 31-48.	0	1
595fa07dfe7683316b2dea08	<Article: "Atti della R. deputazione veneta di storia patria" in "Archivio veneto-tridentino", 3(None) 1923, internal_id=LO10016734:1923_3:8>	591463adfb15c81221c68328	Yitt. Lazzarini, Antiche leggi venete intorno a proprietari nella, terraferma in N. A. Yen., n. s. 1920 vol. XXXVIII, pp. 5-31	59dc7567fe76834059d44573	<Book: Venise: une invention de la ville : 13.-15. siecle,  Champ Vallon,  1997, 1997, ISBN: 2876732548>	59e2c59d88316171ebb4ac49	SOURCES ET BIBLIOGRAPHIE -Proprietà e feudi, offizi, garzoni, carcerati in antiche leggi veneziane. Saggi seguiti da una nota bibliografica e dalla bibliografìa dell’autore, reprint, Rome, I960.	0	1
595fa07dfe7683316b2dea08	<Article: "Atti della R. deputazione veneta di storia patria" in "Archivio veneto-tridentino", 3(None) 1923, internal_id=LO10016734:1923_3:8>	591463adfb15c81221c68328	Yitt. Lazzarini, Antiche leggi venete intorno a proprietari nella, terraferma in N. A. Yen., n. s. 1920 vol. XXXVIII, pp. 5-31	59dc7516fe76834059d4424f	<Book: Marino Faliero : avanti il Dogado, la congiura, appendici,  G. C. Sansoni, [1963, 1963>	59e23a5988316162134550bf	Lazzarini Vittorio, Possessi e feudi veneziani nel Ferrarese, nella Miscellanea in onore di Roberto Cessi (Roma, 1958), I, pp. 213-32 e nel voi. Proprietà e feudi... in antiche leggi veneziane (Roma, i960), p. 31 sgg.,	0	1
595fa07dfe7683316b2dea08	<Article: "Atti della R. deputazione veneta di storia patria" in "Archivio veneto-tridentino", 3(None) 1923, internal_id=LO10016734:1923_3:8>	591463adfb15c81221c68328	Yitt. Lazzarini, Antiche leggi venete intorno a proprietari nella, terraferma in N. A. Yen., n. s. 1920 vol. XXXVIII, pp. 5-31	5964a608fe76833e9fc8a7bf	<Book: Memorie. Classe di scienze morali, lettere ed arti,  Istituto veneto di scienze lettere ed arti,, 2008, ISBN: 978-88-88143-96-5>	59de7a2048e232540c5ca942	LAZZARINI V, Proprietà e feudi, offizi, garzoni, carcerati in antiche leggi veneziane, Roma 1960, pp. 49-60.	0	1
595fa07dfe7683316b2dea08	<Article: "Atti della R. deputazione veneta di storia patria" in "Archivio veneto-tridentino", 3(None) 1923, internal_id=LO10016734:1923_3:8>	591463adfb15c81221c68328	Yitt. Lazzarini, Antiche leggi venete intorno a proprietari nella, terraferma in N. A. Yen., n. s. 1920 vol. XXXVIII, pp. 5-31	595f9d4dfe7683316b2dc91a	<Article: "La «bonificazione Bentivoglio» nella «Transpadana ferrarese» (1609-1614)" in "Archivio veneto", 126(None) 1986, internal_id=LO10015953:1986_126:1>	58e4ce01fe7683152b5821ba	stesso, Proprietà e feudi, offizi, garzoni, carcerati in antiche leggi veneziane, Roma 1960, pp. 9-30,	0	1
595fa07dfe7683316b2dea08	<Article: "Atti della R. deputazione veneta di storia patria" in "Archivio veneto-tridentino", 3(None) 1923, internal_id=LO10016734:1923_3:8>	591463adfb15c81221c68328	Yitt. Lazzarini, Antiche leggi venete intorno a proprietari nella, terraferma in N. A. Yen., n. s. 1920 vol. XXXVIII, pp. 5-31	595fad1efe768340f8f6c0b1	<Book: Nobiltà e popolo nella società veneta del '400 e '500,  Laterza,, 1964>	59e23a548831616213421acf	V. Lazzarini, Possessi e feudi veneziani nel Ferrarese, in Miscellanea in onore di Roberto Cessi, I, Roma 1958, pp. 213-32 ; ristampato nel voi. Proprietà e feudi, offizi, garzoni, carcerati in antiche leggi veneziane, Roma 1960, pp. 31-48.	0	1
595fa07dfe7683316b2dea08	<Article: "Atti della R. deputazione veneta di storia patria" in "Archivio veneto-tridentino", 3(None) 1923, internal_id=LO10016734:1923_3:8>	591463adfb15c81221c68328	Yitt. Lazzarini, Antiche leggi venete intorno a proprietari nella, terraferma in N. A. Yen., n. s. 1920 vol. XXXVIII, pp. 5-31	59dc7567fe76834059d44573	<Book: Venise: une invention de la ville : 13.-15. siecle,  Champ Vallon,  1997, 1997, ISBN: 2876732548>	59e2c59d88316171ebb4a845	V. Lazzarini, Proprietà e feudi, offizi, garzoni, carcerati in antiche leggi veneziane. Saggi seguiti da una nota bibliografica e dalla bibliografia dell’autore, reprint, Rome, I960.	0	1
595fa07dfe7683316b2dea08	<Article: "Atti della R. deputazione veneta di storia patria" in "Archivio veneto-tridentino", 3(None) 1923, internal_id=LO10016734:1923_3:8>	591463adfb15c81221c68328	Yitt. Lazzarini, Antiche leggi venete intorno a proprietari nella, terraferma in N. A. Yen., n. s. 1920 vol. XXXVIII, pp. 5-31	59600292fe76835611f6c098	<Book: Il tramonto della Repubblica di Venezia e l'assolutismo illuminato,  Deputazione di storia patria per le Venezie,, 1950>	59e333098831617f5eea0e07	R. Lazzarini, Le origini del partito democratico a Padova fino alla Municipalità del 1797, in «Nuovo Archivio Veneto », nuova serie, anno ΧΧΙΠ, tomo XL, 1920, p. 45.	0	1
595fa07dfe7683316b2dea08	<Article: "Atti della R. deputazione veneta di storia patria" in "Archivio veneto-tridentino", 3(None) 1923, internal_id=LO10016734:1923_3:8>	591463adfb15c81221c68328	Yitt. Lazzarini, Antiche leggi venete intorno a proprietari nella, terraferma in N. A. Yen., n. s. 1920 vol. XXXVIII, pp. 5-31	59dc7509fe76834059d441d1	<Book: Storia di Venezia,  Istituto della Enciclopedia italiana, , 1995>	59e0adbcf98262071bfc10ba	Dean, Venetian Economie Hegemony, Vittorio Lazzarini, Proprietà e feudi, offizi, garzoni, carcerati in antiche leggi veneziane, Roma i960, p. 39;	0	1
595fa07dfe7683316b2dea08	<Article: "Atti della R. deputazione veneta di storia patria" in "Archivio veneto-tridentino", 3(None) 1923, internal_id=LO10016734:1923_3:8>	591463adfb15c81221c68328	Yitt. Lazzarini, Antiche leggi venete intorno a proprietari nella, terraferma in N. A. Yen., n. s. 1920 vol. XXXVIII, pp. 5-31	595ff69ffe76835577f6c049	<Book: Machiavelli e la crisi dello Stato veneziano,  Guida, [1974, 1974, ISBN: 88-7042-385-9>	59e333078831617f5ee641b6	V. Lazzarini, Antiche leggi venete intorno ai proprietari nella terraferma, in Proprietà e feudi, offizi, garzoni, carcerati in antiche leggi veneziane, Roma, 1960, p. 19 n. 45.	0	1
595fa07dfe7683316b2dea08	<Article: "Atti della R. deputazione veneta di storia patria" in "Archivio veneto-tridentino", 3(None) 1923, internal_id=LO10016734:1923_3:8>	591463adfb15c81221c68328	Yitt. Lazzarini, Antiche leggi venete intorno a proprietari nella, terraferma in N. A. Yen., n. s. 1920 vol. XXXVIII, pp. 5-31	59608ca8fe768365800e8372	<Book: Societa e stato nel medioevo veneziano : secoli 12.-14.,  Olschki,, 1967>	59e332f68831617f5edee20a	Lazzarini, Possessi e feudi veneziani nel Ferrarese, in Proprietà e feudi, offizi, garzoni, carcerati in antiche leggi veneziane. Saggi seguiti da una nota biografica e dalla bibliografìa dell’autore, Roma 1960, p. 31 ss.	0	1
595fa07dfe7683316b2dea08	<Article: "Atti della R. deputazione veneta di storia patria" in "Archivio veneto-tridentino", 3(None) 1923, internal_id=LO10016734:1923_3:8>	591463adfb15c81221c68328	Yitt. Lazzarini, Antiche leggi venete intorno a proprietari nella, terraferma in N. A. Yen., n. s. 1920 vol. XXXVIII, pp. 5-31	5964a608fe76833e9fc8a7bf	<Book: Memorie. Classe di scienze morali, lettere ed arti,  Istituto veneto di scienze lettere ed arti,, 2008, ISBN: 978-88-88143-96-5>	59de7a2048e232540c5c9fc6	V. Lazzarini, Obbligo di assumere pubblici uffici nelle antiche leggi veneziane, in Id., Proprietà e feudi, offizi, garzoni, carcerati in antiche leggi veneziane, Roma 1960, pp. 49-60.	0	1
595fa07dfe7683316b2dea08	<Article: "Atti della R. deputazione veneta di storia patria" in "Archivio veneto-tridentino", 3(None) 1923, internal_id=LO10016734:1923_3:8>	591463adfb15c81221c68328	Yitt. Lazzarini, Antiche leggi venete intorno a proprietari nella, terraferma in N. A. Yen., n. s. 1920 vol. XXXVIII, pp. 5-31	5960e852fe76836c9b0e8427	<Book: Scienze e tecniche agrarie nel Veneto dell'Ottocento : atti del secondo Seminario di storia delle scienze e delle tecniche nell'Ottocento veneto,  Istituto veneto di scienze lettere ed arti,, 1992>	59e333098831617f5eeae48a	ALBERTO GABBA Le successive massime, riportate in varie circolari del Governo Veneto dal 1818 al 1836, contemplano norme per compensi di danni e risarcimenti per pregiudizi alla proprietà privata, con determinazioni delle rispettive indennizzazioni30. Tutte queste disposizioni, che si richiamavano alle antiche norme dello Statuto vecchio di Padova e di Feltre ed alle leggi venete ancora del 1556, illustrate dal De’ Bosio31, se da un lato eliminavano una buona dose di precedenti arbitrii, dall’altro riducevano gli inconvenienti e i danni dovuti all’imperizia degli estimatori. Infatti le norme fissavano, già nella legge 22-3-1804 l’obbligatorietà della stima preventiva, ottenuta capitalizzando al 5,5% il prodotto reale depurato dai pesi, per le case e gli altri edifici, in una loro vendita all’asta. L’istruzione poi del 29 maggio 1804 specificò in dettaglio le operazioni da compiere, sia sui fondi sia sugli edifici, per una più ampia serie di problematiche. Mentre per i primi era bastante la stima a reddito, per i secondi veniva richiesto un duplice computo per due diversi aspetti economici del bene: l’uno osservando la sua rendita netta ridotta a capitale, l’altro ottenuto dalla somma dei valori dell’area e dei materiali. Di questi due procedimenti il primo lo si ritrova in uso fin dal secolo XVI nelle opere di quel tempo, che bene lo descrivono; del secondo, cioè della stima portata sulle due componenti principali delle costruzioni vi è minore attenzione. Figura più agli inizi della trattatistica tecnica in questione il valore congiunto delle parti espresso come il più probabile valore di mercato del bene: solo successivamente nel secolo XVII si manifestano giudizi separati per le qualità dei siti e le caratteristiche dei materiali da costruzione. Il giudizio di stima comunque, nel periodo a cavallo tra i due secoli considerati il XVIII e il XIX ed ancora più tardi nel 1862 per la vendita dei beni demaniali, veniva comunemente fondato sul sistema ragionato, in cui la rendita netta veniva ridotta a capitale. L’opzione prescritta nell’istruzione del 29 maggio 1804 per il risultato più vantaggioso rifiutava in effetti il metodo allora invalso 30)Giovanni Del Colle, Manuale pel ramo acque-strade ed altre opere a carico dei comuni, ecc., Padova, Tipi del Seminario, 1842.	0	1
595fa07dfe7683316b2dea08	<Article: "Atti della R. deputazione veneta di storia patria" in "Archivio veneto-tridentino", 3(None) 1923, internal_id=LO10016734:1923_3:8>	591463adfb15c81221c68328	Yitt. Lazzarini, Antiche leggi venete intorno a proprietari nella, terraferma in N. A. Yen., n. s. 1920 vol. XXXVIII, pp. 5-31	59dc74c6fe768340301bea80	<Book: Benedettini in S. Daniele : 1046-1198,  Il Comitato editore,, 1989>	59e067ba8ee1df044433c3c9	Proprietà e feudi, offizi, garzoni, carcerati in antiche leggi veneziane, Roma 1960 (Storia ed economia. Studi testi documenti quaderni, a cura di Gabriele De Rosa,	0	1
595fa07dfe7683316b2dea08	<Article: "Atti della R. deputazione veneta di storia patria" in "Archivio veneto-tridentino", 3(None) 1923, internal_id=LO10016734:1923_3:8>	591463adfb15c81221c68328	Yitt. Lazzarini, Antiche leggi venete intorno a proprietari nella, terraferma in N. A. Yen., n. s. 1920 vol. XXXVIII, pp. 5-31	59621ddafe76832067212695	<Book: Repertorio di storiografia veneziana : testi e studi,  Il poligrafo, \1998, 1998, ISBN: 88-7115-096-1>	59e332f68831617f5edde45c	1858 Leggi venete intorno agli ecclesiastici sino al secolo XVIII, a cura di Papadopoli Angelo, Venezia 1864	0	1
595fa07dfe7683316b2dea08	<Article: "Atti della R. deputazione veneta di storia patria" in "Archivio veneto-tridentino", 3(None) 1923, internal_id=LO10016734:1923_3:8>	591463adfb15c81221c68328	Yitt. Lazzarini, Antiche leggi venete intorno a proprietari nella, terraferma in N. A. Yen., n. s. 1920 vol. XXXVIII, pp. 5-31	595f9d61fe7683316b2dccaf	<Article: "Apprendiste e maestre a Venezia tra Cinque e Seicento" in "Archivio veneto", 3(None) 2012, internal_id=LO10015953:2012_3:8>	58e4ce01fe7683152b57d1a3	V. Lazzarini, Antichi ordinamenti veneziani a tutela del lavoro dei garzoni, in Proprietà e feudi, offizi, garzoni, carcerati in antiche leggi veneziane, Roma 1960, pp. 61-75;	0	1
595fa07dfe7683316b2dea08	<Article: "Atti della R. deputazione veneta di storia patria" in "Archivio veneto-tridentino", 3(None) 1923, internal_id=LO10016734:1923_3:8>	591463adfb15c81221c68328	Yitt. Lazzarini, Antiche leggi venete intorno a proprietari nella, terraferma in N. A. Yen., n. s. 1920 vol. XXXVIII, pp. 5-31	595fab1dfe768339c4f6c0ba	<Book: Piety and patronage in Renaissance Venice : Bellini, Titian and the Franciscans,  Yale University Press, copyr., 1986, ISBN: 0300034555>	59e2c5a988316171ebba2a31	Vittorio Lazzarini, “Obbligo di assumere pubblici uffici nelle antiche leggi veneziane” in idem, Proprietà e feudi, offizi, garzoni, carcerati in antiche leggi veneziane, Saggi (Rome, i960), pp. 49-60, originally published in Archivio veneto 19 (1936).	0	1
595fa07dfe7683316b2dea08	<Article: "Atti della R. deputazione veneta di storia patria" in "Archivio veneto-tridentino", 3(None) 1923, internal_id=LO10016734:1923_3:8>	591463adfb15c81221c68328	Yitt. Lazzarini, Antiche leggi venete intorno a proprietari nella, terraferma in N. A. Yen., n. s. 1920 vol. XXXVIII, pp. 5-31	595fa04dfe7683316b2de0b4	<Article: "Charitable institutions, the Jewish community, and Venetian society. A discussion of the recent volume by Brian Pullan" in "Studi veneziani", 14(None) 1972, internal_id=LO10016101:1972_14:2>	58e4ce01fe7683152b59bd62	V. Lazzarini, Proprietà e feudi, uffizi, garzoni, carcerati in antiche leggi veneziane, Rome 1960.	0	1
595fa07dfe7683316b2dea08	<Article: "Atti della R. deputazione veneta di storia patria" in "Archivio veneto-tridentino", 3(None) 1923, internal_id=LO10016734:1923_3:8>	591463adfb15c81221c68328	Yitt. Lazzarini, Antiche leggi venete intorno a proprietari nella, terraferma in N. A. Yen., n. s. 1920 vol. XXXVIII, pp. 5-31	59dc7476fe76834007de8e2a	<Book: Il Codice per la Veneta mercantile marina,  CEDAM,, 1987, ISBN: 88-13-16110-7>	59df53cf9be3c75c2e685a28	V. Lazzarini, L'avvocato dei carcerati poveri a Venezia, in ‘Atti del R. Istituto Veneto di Scienze, .Lettere ed Arti’, LXX/2 (1911), pp. 1471-1507, ora in Id.,  Proprietà e feudi, ojjìzi, garzoni, carcerati in antiche leggi veneziane, Roma 1960, pp. 89-113;	0	1
595fa07dfe7683316b2dea08	<Article: "Atti della R. deputazione veneta di storia patria" in "Archivio veneto-tridentino", 3(None) 1923, internal_id=LO10016734:1923_3:8>	591463adfb15c81221c68328	Yitt. Lazzarini, Antiche leggi venete intorno a proprietari nella, terraferma in N. A. Yen., n. s. 1920 vol. XXXVIII, pp. 5-31	595fad2bfe768340faf6c08c	<Book: I piccoli principi : signorie locali, feudi e comunità soggette nello Stato regionale veneto dall'espansione territoriale ai primi decenni del '600,  Il cardo,, 1991>	59df53cf9be3c75c2e675a0a	Lazzarini, Possessi e feudi veneziani nel Ferrarese, in Id., Proprietà e feudi, offizi, garzoni, carcerati in antiche leggi veneziane, Roma 1960, pp. 31-48;	0	1
595fa07dfe7683316b2dea08	<Article: "Atti della R. deputazione veneta di storia patria" in "Archivio veneto-tridentino", 3(None) 1923, internal_id=LO10016734:1923_3:8>	591463adfb15c81221c68328	Yitt. Lazzarini, Antiche leggi venete intorno a proprietari nella, terraferma in N. A. Yen., n. s. 1920 vol. XXXVIII, pp. 5-31	59dc75d8fe76834059d449e8	<Book: L'amministrazione della giustizia penale nella Repubblica di Venezia, secoli 16.-18.,  Cierre, °2004, 2004>	59de7a2048e232540c5e790c	Compendio de' casi impunibili per le venete leggi, de' punibili sebben commessi in persone bandite e de' casi per quali li complici panno ricercar l'impunità e li rei esclusi sono dall'ecclesiastica immunità. Non che vari trattati, o sieno considerazioni intorno la Miscellanea del celebre assessor Bartolomeo Melchiori. Opera di cancelliere anonimo scritta a tenor delle leggi venete e de' giudizi seguiti a consigli (1767), Venezia, Agostino Camporese. Cozzi G. (1984), Ambiente veneziano, ambiente veneto. Governanti e governati nel Dominio di qua del Mincio nei secoli XV-XVIII, in Storia della cultura veneta, Il Seicento, vol. IV, tomo II, Vicenza, pp. 495-539.	0	1
595fa07dfe7683316b2dea08	<Article: "Atti della R. deputazione veneta di storia patria" in "Archivio veneto-tridentino", 3(None) 1923, internal_id=LO10016734:1923_3:8>	591463adfb15c81221c68328	Yitt. Lazzarini, Antiche leggi venete intorno a proprietari nella, terraferma in N. A. Yen., n. s. 1920 vol. XXXVIII, pp. 5-31	59dc7522fe76834059d442d1	<Book: Note su Carlo Goldoni, la societa veneziana e il suo diritto,  Istituto veneto di scienze, lettere e arti,, 1979>	59e332f68831617f5edd9dac	Dal Pozzo, Le istituzioni della prudenza civile fondate su le leggi romane e conformate alle leggi venete, Venezia 1697, p. 10 sgg.;	0	1
595fa07dfe7683316b2dea08	<Article: "Atti della R. deputazione veneta di storia patria" in "Archivio veneto-tridentino", 3(None) 1923, internal_id=LO10016734:1923_3:8>	591463adfb15c81221c68328	Yitt. Lazzarini, Antiche leggi venete intorno a proprietari nella, terraferma in N. A. Yen., n. s. 1920 vol. XXXVIII, pp. 5-31	595f9d3cfe7683316b2dc6bb	<Book: Politica e carriere ecclesiastiche nel secolo 17. : i vescovi veneti fra Roma e Venezia,  Il mulino,, 1993, ISBN: 88-15-03779-9>	5919e96d3dde944752f7a6e5	V. Lazzarini, Proprietà e feudi, offizi, garzoni, carcerati in antiche leggi veneziane, Roma 1960, pp. 20 sg.	0	1
595fa07dfe7683316b2dea08	<Article: "Atti della R. deputazione veneta di storia patria" in "Archivio veneto-tridentino", 3(None) 1923, internal_id=LO10016734:1923_3:8>	591463adfb15c81221c68328	Yitt. Lazzarini, Antiche leggi venete intorno a proprietari nella, terraferma in N. A. Yen., n. s. 1920 vol. XXXVIII, pp. 5-31	595fab1dfe768339c4f6c0ba	<Book: Piety and patronage in Renaissance Venice : Bellini, Titian and the Franciscans,  Yale University Press, copyr., 1986, ISBN: 0300034555>	59e2c5a988316171ebba2f14	Lazzarini, Vittorio. “Obbligo di assumere pubblici uffici nelle antiche leggi veneziane” (1936). In Proprietà e feudi, offizi, garzoni, carcerati in antiche leggi veneziane, Saggi, pp. 49-60. (Storia e economia, 6). Rome, i960.	0	1
595fa07dfe7683316b2dea08	<Article: "Atti della R. deputazione veneta di storia patria" in "Archivio veneto-tridentino", 3(None) 1923, internal_id=LO10016734:1923_3:8>	591463adfb15c81221c68328	Yitt. Lazzarini, Antiche leggi venete intorno a proprietari nella, terraferma in N. A. Yen., n. s. 1920 vol. XXXVIII, pp. 5-31	59dc74c6fe768340301bea80	<Book: Benedettini in S. Daniele : 1046-1198,  Il Comitato editore,, 1989>	59e067ba8ee1df044433c3ca	Lazzarini Vittorio, Antiche leggi veneziane intorno ai proprietari della Terraferma, «Nuovo Archivio Veneto», n.s., T. XXXVIII (1920) poi in Proprietà e feudi, offizi, garzoni, carcerati in antiche leggi veneziane, Roma 1960 (Storia ed economia. Studi testi documenti quaderni, a cura di Gabriele De Rosa, 6):	0	1
595fa07dfe7683316b2dea08	<Article: "Atti della R. deputazione veneta di storia patria" in "Archivio veneto-tridentino", 3(None) 1923, internal_id=LO10016734:1923_3:8>	591463adfb15c81221c68328	Yitt. Lazzarini, Antiche leggi venete intorno a proprietari nella, terraferma in N. A. Yen., n. s. 1920 vol. XXXVIII, pp. 5-31	59dc7475fe76834007de8e1d	<Book: 5.2 : Il Settecento,  N. Pozza,, 1986>	59e23a59883161621347c59d	Statuto Veneto e alle Leggi staccate ad esse spettanti. Finalmente in mancanza delle Leggi Venete, si dovrà ricorrere all’equità naturale I6. In verità c’è chi, come il friulano Gasparo Vattolo, in Udine incaricato della cattedra d’«Instituta Civile Erudita, e Pratica», escludendo il ricorso ultimo alla prudenza della potestà giudicante, riporta alla ribalta, in posizione sussidiaria, il diritto romano comune: Le leggi che regolano i Tribunali, e sono a’ Giudici di norma nel giudicare, agli Avvocati nel difendere le cause de’ loro Clienti, sono di quattro sorta: cioè Statuto, Consuetudine, Leggi Venete, e Gius Comune 17, 14 A. Bonsi, Introduzione allo studio del diritto municipale privato della città di Bergamo, ossia considerazioni sulle leggi in generale ed in particolare sulle fonti, sistema, ed uso del detto diritto, Bergamo 1788, pp. 150- 51·	0	1
595fa07dfe7683316b2dea08	<Article: "Atti della R. deputazione veneta di storia patria" in "Archivio veneto-tridentino", 3(None) 1923, internal_id=LO10016734:1923_3:8>	591463adfb15c81221c68328	Yitt. Lazzarini, Antiche leggi venete intorno a proprietari nella, terraferma in N. A. Yen., n. s. 1920 vol. XXXVIII, pp. 5-31	59dc7549fe76834059d44448	<Book: Antichi scrittori d'idraulica veneta, , 1987>	59e23a598831616213476f6a	Rompiasio, Compilazione delle Leggi Venete sulle Acque, Venezia 1771 p. 312).	0	1
595fa07dfe7683316b2dea08	<Article: "Atti della R. deputazione veneta di storia patria" in "Archivio veneto-tridentino", 3(None) 1923, internal_id=LO10016734:1923_3:8>	591463adfb15c81221c68328	Yitt. Lazzarini, Antiche leggi venete intorno a proprietari nella, terraferma in N. A. Yen., n. s. 1920 vol. XXXVIII, pp. 5-31	59dc75ddfe76834059d44a1a	<Book: Il feudo di Zelarino 1331-1858 : materiali dell'archivio Foscari-San Simeon confluito nell'archivio Gradenigo-Rio Marin,  La Malcontenta,, 2010>	59e2c5a988316171ebb9c13a	V. Lazzarini, Antiche Leggi venete intorno ai proprietari nella terraferma, Venezia, 1920).	1	1
595fa07dfe7683316b2dea08	<Article: "Atti della R. deputazione veneta di storia patria" in "Archivio veneto-tridentino", 3(None) 1923, internal_id=LO10016734:1923_3:8>	591463adfb15c81221c68328	Yitt. Lazzarini, Antiche leggi venete intorno a proprietari nella, terraferma in N. A. Yen., n. s. 1920 vol. XXXVIII, pp. 5-31	59600c9bfe768357adf6c03e	<Book: Le promissioni del Doge di Venezia : dalle origini alla fine del Duecento,  Il Comitato editore,, 1986>	59e2c59e88316171ebb59cd2	V. Lazzarini,  Obbligo d’assumere pubblici uffici nelle antiche leggi veneziane in Proprietà e feudi, offici, garzoni, carcerati in antiche leggi veneziane, Roma 1960, pp. 49-54. p. VII.	0	1
595fa07dfe7683316b2dea08	<Article: "Atti della R. deputazione veneta di storia patria" in "Archivio veneto-tridentino", 3(None) 1923, internal_id=LO10016734:1923_3:8>	591463adfb15c81221c68328	Yitt. Lazzarini, Antiche leggi venete intorno a proprietari nella, terraferma in N. A. Yen., n. s. 1920 vol. XXXVIII, pp. 5-31	5960e240fe76836c780e8392	<Book: La società veneta e il suo diritto : saggi su questioni matrimoniali, giustizia penale, politica del diritto, sopravvivenza del diritto veneto nell'Ottocento,  Marsilio,, 2000, ISBN: 88-317-7497-2>	59e2c5aa88316171ebbbed4a	Dal Pozzo, Le istituzioni della prudenza civile fondate su le leggi romane e conformate alle leggi venete, Venezia 1697, pp. 10 ss.;	0	1
595fa07dfe7683316b2dea08	<Article: "Atti della R. deputazione veneta di storia patria" in "Archivio veneto-tridentino", 3(None) 1923, internal_id=LO10016734:1923_3:8>	591463adfb15c81221c68328	Yitt. Lazzarini, Antiche leggi venete intorno a proprietari nella, terraferma in N. A. Yen., n. s. 1920 vol. XXXVIII, pp. 5-31	595f9d66fe7683316b2dcd9b	<Article: "Un’altra cappella di Giusto pittore agli Eremitani di Padova" in "Archivio veneto", 8(None) 1930, internal_id=LO10015953:1930_8:5>	58e4ce00fe7683152b56d26e	Lazzarini-Tamassia, V albergo del “ Bo ,, in Archivio veneto-tridentino, vol. I (1922), p. 291.	0	1
595fa07dfe7683316b2dea08	<Article: "Atti della R. deputazione veneta di storia patria" in "Archivio veneto-tridentino", 3(None) 1923, internal_id=LO10016734:1923_3:8>	591463adfb15c81221c68328	Yitt. Lazzarini, Antiche leggi venete intorno a proprietari nella, terraferma in N. A. Yen., n. s. 1920 vol. XXXVIII, pp. 5-31	59622b33fe768321512126e6	<Book: Venezia e lo Stado de terraferma : il governo delle comunità nel territorio bergamasco, sec. 15.-18.,  Vita e pensiero,, 1992, ISBN: 88-343-0349-0>	59e2c5a988316171ebba23e5	V. Lazzarini, Proprietà e feudi, offizi, garzoni, carcerati in antiche leggi veneziane, Roma 1960, pp. 31-48;	0	1
595fa07dfe7683316b2dea08	<Article: "Atti della R. deputazione veneta di storia patria" in "Archivio veneto-tridentino", 3(None) 1923, internal_id=LO10016734:1923_3:8>	591463adfb15c81221c68328	Yitt. Lazzarini, Antiche leggi venete intorno a proprietari nella, terraferma in N. A. Yen., n. s. 1920 vol. XXXVIII, pp. 5-31	595ff784fe76835595f6c027	<Book: Storia della Repubblica di Venezia : dalla guerra di Chioggia alla riconquista della terraferma,  UTET libreria,, 1986, ISBN: 88-7750-192-8>	59e23a58883161621344e354	Repubblica: A. Sagredo, Leggi venete intorno agli ecclesiastici, in «Archivio storico italiano», II, 1865; Bilanci Generali della Repubblica di Venezia, vol. I, t. I, a cura di F. Besta, F. Visentini, Venezia 1912.	0	1
595fa07dfe7683316b2dea08	<Article: "Atti della R. deputazione veneta di storia patria" in "Archivio veneto-tridentino", 3(None) 1923, internal_id=LO10016734:1923_3:8>	591463adfb15c81221c68328	Yitt. Lazzarini, Antiche leggi venete intorno a proprietari nella, terraferma in N. A. Yen., n. s. 1920 vol. XXXVIII, pp. 5-31	59600c9bfe768357adf6c03e	<Book: Le promissioni del Doge di Venezia : dalle origini alla fine del Duecento,  Il Comitato editore,, 1986>	59e2c59e88316171ebb59ae7	V. Lazza-rini, Obbligo d’assumere pubblici uffici nelle antiche leggi veneziane in  Proprietà e feudi, offici, garzoni, carcerati in antiche leggi veneziane,  Roma 1960, p. 49.	0	1
595fa07dfe7683316b2dea08	<Article: "Atti della R. deputazione veneta di storia patria" in "Archivio veneto-tridentino", 3(None) 1923, internal_id=LO10016734:1923_3:8>	591463adfb15c81221c68328	Yitt. Lazzarini, Antiche leggi venete intorno a proprietari nella, terraferma in N. A. Yen., n. s. 1920 vol. XXXVIII, pp. 5-31	59dc7474fe76834007de8e16	<Book: 1: Dalla guerra di Chioggia al 1517,  UTET,, 1986, ISBN: 88-02-04026-5>	59de7a2148e232540c5ef661	Repubblica: A. Sagredo, Leggi venete intorno agli ecclesiastici, in «Archivio storico italiano», II, 1865; Bilanci Generali della Repubblica di Venezia, vol. I, t. I, a cura di F. Besta, F. Visentini, Venezia 1912.	0	1
595fa07dfe7683316b2dea08	<Article: "Atti della R. deputazione veneta di storia patria" in "Archivio veneto-tridentino", 3(None) 1923, internal_id=LO10016734:1923_3:8>	591463adfb15c81221c68328	Yitt. Lazzarini, Antiche leggi venete intorno a proprietari nella, terraferma in N. A. Yen., n. s. 1920 vol. XXXVIII, pp. 5-31	59600d7cfe768357aef6c03e	<Book: The Venetian patriciate : reality versus myth,  University of Illinois press, , 1986, ISBN: 0252011449>	59e2c59e88316171ebb791e7	Lazzarini, “Antiche leggi venete,” p. 15; Pompeo Molmenti, “Le relazioni tra patrizi veneziani e diplomatici stranieri,” in Molmenti, Curiosità di storia veneziana (Bologna, 1919), p. 39.	0	1
595fa07dfe7683316b2dea08	<Article: "Atti della R. deputazione veneta di storia patria" in "Archivio veneto-tridentino", 3(None) 1923, internal_id=LO10016734:1923_3:8>	591463adfb15c81221c68328	Yitt. Lazzarini, Antiche leggi venete intorno a proprietari nella, terraferma in N. A. Yen., n. s. 1920 vol. XXXVIII, pp. 5-31	5960e61dfe76836c950e838c	<Book: Storia di Venezia,  Istituto della Enciclopedia italiana, , 1997>	59e23a598831616213474641	Vittorio Lazzarini, Marino Fallerò, Firenze 1963, p· 153- 27.Una tradizione vuole che Alvise Venier fosse indotto a questa azione dal suo amore per la moglie di Giovanni dalle Boccole: Pompeo G. Molmenti, La storia di Venezia nella vita privata, I-III, Bergamo 1922-19266: I, p. 486.	0	1
595fa07dfe7683316b2dea08	<Article: "Atti della R. deputazione veneta di storia patria" in "Archivio veneto-tridentino", 3(None) 1923, internal_id=LO10016734:1923_3:8>	591463adfb15c81221c68328	Yitt. Lazzarini, Antiche leggi venete intorno a proprietari nella, terraferma in N. A. Yen., n. s. 1920 vol. XXXVIII, pp. 5-31	59dc75aafe76834059d447f6	<Book: 4.1,  N. Pozza, °1983, 1984>	59e332fa8831617f5ee302fc	G. Bonifacio, Metodo delle leggi venete, Rovigo, D. Bissuccio, 1627.	0	1
595fa07dfe7683316b2dea08	<Article: "Atti della R. deputazione veneta di storia patria" in "Archivio veneto-tridentino", 3(None) 1923, internal_id=LO10016734:1923_3:8>	591463adfb15c81221c68328	Yitt. Lazzarini, Antiche leggi venete intorno a proprietari nella, terraferma in N. A. Yen., n. s. 1920 vol. XXXVIII, pp. 5-31	59883f05c12c6026f6e24505	<Book: La scoperta dell'infanzia: cura, educazione e rappresentazione : Venezia 1750-1930,  Marsilio, , 1999, ISBN: 88-317-7421-2>	59e23a598831616213470da9	LAZZARiNi V., Antichi ordinamenti veneziani a tutela del lavoro dei garzoni, in Proprietà e feudi, offizi, garzoni, carcerati in antiche leggi veneziane, Roma 1960.	0	1
595fa07dfe7683316b2dea08	<Article: "Atti della R. deputazione veneta di storia patria" in "Archivio veneto-tridentino", 3(None) 1923, internal_id=LO10016734:1923_3:8>	591463adfb15c81221c68328	Yitt. Lazzarini, Antiche leggi venete intorno a proprietari nella, terraferma in N. A. Yen., n. s. 1920 vol. XXXVIII, pp. 5-31	5960a5eafe7683678a0e839c	<Book: Il patriziato veneziano : la realtà contro il mito,  Il veltro,, 1987, ISBN: 88-85015-28-X>	59e23a538831616213405089	Lazzarini, Proprietà, feudi, offizi, garzoni e carcerati in antiche leggi veneziane, Roma 1960, pp. 9-41.	0	1
595fa07dfe7683316b2dea08	<Article: "Atti della R. deputazione veneta di storia patria" in "Archivio veneto-tridentino", 3(None) 1923, internal_id=LO10016734:1923_3:8>	591463adfb15c81221c68328	Yitt. Lazzarini, Antiche leggi venete intorno a proprietari nella, terraferma in N. A. Yen., n. s. 1920 vol. XXXVIII, pp. 5-31	59dc74bffe768340301bea3b	<Book: Recherches sur la Mediterranee orientale du 12. au 15. siecle : peuples, societe, economies,  Variorum reprints,, 1979, ISBN: 0860780503>	59e23a59883161621345fac1	Lazzarini, V. 1936. Obbligo di assumere pubblici uffici nelle antiche leggi veneziane. Archivio veneto, ¿aserie 19:184—98.	0	1
595fa07dfe7683316b2dea08	<Article: "Atti della R. deputazione veneta di storia patria" in "Archivio veneto-tridentino", 3(None) 1923, internal_id=LO10016734:1923_3:8>	591463adfb15c81221c68328	Yitt. Lazzarini, Antiche leggi venete intorno a proprietari nella, terraferma in N. A. Yen., n. s. 1920 vol. XXXVIII, pp. 5-31	59621ddafe76832067212695	<Book: Repertorio di storiografia veneziana : testi e studi,  Il poligrafo, \1998, 1998, ISBN: 88-7115-096-1>	59e332f68831617f5edde4cc	FONTI EDITE romane, e conformate alle leggi venete..., Venezia 1697	0	1
595fa07dfe7683316b2dea08	<Article: "Atti della R. deputazione veneta di storia patria" in "Archivio veneto-tridentino", 3(None) 1923, internal_id=LO10016734:1923_3:8>	591463adfb15c81221c68328	Yitt. Lazzarini, Antiche leggi venete intorno a proprietari nella, terraferma in N. A. Yen., n. s. 1920 vol. XXXVIII, pp. 5-31	595facbffe768340f8f6c082	<Book: Firstborn of Venice : Vicenza in the early Renaissance state,  The Johns Hopkins university press, copyr., 1988, ISBN: 0801836131>	59e333078831617f5ee5d2cd	V. Lazzarini, “L’avvocato dei carcerati poveri a Padova nel Quattrocento,” in his Proprietà e feudi offizi, garzati, carcerati in antiche leggi veneziani (Rome: Edizioni di Storia e Letteratura, 1960), p. 77;	0	1
595fa07dfe7683316b2dea08	<Article: "Atti della R. deputazione veneta di storia patria" in "Archivio veneto-tridentino", 3(None) 1923, internal_id=LO10016734:1923_3:8>	591463adfb15c81221c68328	Yitt. Lazzarini, Antiche leggi venete intorno a proprietari nella, terraferma in N. A. Yen., n. s. 1920 vol. XXXVIII, pp. 5-31	59dc74a2fe768340301be917	<Book: Diritto comune, diritto commerciale, diritto veneziano,  Centro tedesco di studi veneziani,, 1985>	59e23a548831616213433902	Vittorio Lazzarini, L’avvocato di carcerati poveri a Venezia, in « Atti dell’Istituto Veneto di Scienze, Lettere ed Arti» 70/2 (1911), pp. 1471-1507, ora in Proprietà e feudi, offizi, garzoni, carcerati in antiche leggi veneziane, Roma 1960, pp. 89-113; 	0	1
595fa07dfe7683316b2dea08	<Article: "Atti della R. deputazione veneta di storia patria" in "Archivio veneto-tridentino", 3(None) 1923, internal_id=LO10016734:1923_3:8>	591463adfb15c81221c68328	Yitt. Lazzarini, Antiche leggi venete intorno a proprietari nella, terraferma in N. A. Yen., n. s. 1920 vol. XXXVIII, pp. 5-31	59dc75d0fe76834059d44984	<Book: Componenti storico-artistiche e culturali a Venezia nei secoli 13. e 14.,  Ateneo veneto,, 1981>	59de7a1f48e232540c5c09fe	V. LAZZARINI, Proprietà e Feudi in Antiche Leggi Veneziane, in Proprietà e feudi, Roma (1960), pag. 19.	0	1
595fa07dfe7683316b2dea08	<Article: "Atti della R. deputazione veneta di storia patria" in "Archivio veneto-tridentino", 3(None) 1923, internal_id=LO10016734:1923_3:8>	591463adfb15c81221c68328	Yitt. Lazzarini, Antiche leggi venete intorno a proprietari nella, terraferma in N. A. Yen., n. s. 1920 vol. XXXVIII, pp. 5-31	595f9fcefe7683316b2ddcfd	<Article: "Gino Luzzatto. Bibliografia" in "Ateneo veneto", 4(1) 2005, internal_id=RAV0164473:2005_4_1:9>	58e4ce00fe7683152b5677d7	V. Lazzarini, Proprietà e feudi, offici, garzoni, carcerati in antiche leggi veneziane, Roma, 1960, in «AV», s. V, a. XCII, 1961, vol. LXIX, pp. 104-105.	0	1
595fa07dfe7683316b2dea08	<Article: "Atti della R. deputazione veneta di storia patria" in "Archivio veneto-tridentino", 3(None) 1923, internal_id=LO10016734:1923_3:8>	591463adfb15c81221c68328	Yitt. Lazzarini, Antiche leggi venete intorno a proprietari nella, terraferma in N. A. Yen., n. s. 1920 vol. XXXVIII, pp. 5-31	59dc74b7fe768340301be9ed	<Book: La storia di Venezia nella vita privata : dalle origini alla caduta della Repubblica,  LINT,, 1973>	59e23a5488316162134141c4	Lazzarini e Tamassia, L'Albergo del « Bo », in « Arch. Ven. Tridentino», f. 1, 1922, pag. 284	0	1
595fa07dfe7683316b2dea08	<Article: "Atti della R. deputazione veneta di storia patria" in "Archivio veneto-tridentino", 3(None) 1923, internal_id=LO10016734:1923_3:8>	591463adfb15c81221c68328	Yitt. Lazzarini, Antiche leggi venete intorno a proprietari nella, terraferma in N. A. Yen., n. s. 1920 vol. XXXVIII, pp. 5-31	59dc751dfe76834059d44292	<Book: I Badoer : una famiglia veneziana dal 10. al 13. secolo,  Francisci, [1982, 1982>	59e23a598831616213465e3f	V. LAZZARINI, Antiche leggi venete intorno ai proprietari nella terraferma, in «Nuovo Archivio Veneto», n.s., XXXVIII (1919), pp. 5-31, ristampato in Proprietà e feudi, offizi, garzoni, carcerati in antiche leggi veneziane. Saggi seguiti da una notizia biografica e dalla bibliografia dell’autore, Roma 1960, pp. 9-29.	0	1
595fa07dfe7683316b2dea08	<Article: "Atti della R. deputazione veneta di storia patria" in "Archivio veneto-tridentino", 3(None) 1923, internal_id=LO10016734:1923_3:8>	591463adfb15c81221c68328	Yitt. Lazzarini, Antiche leggi venete intorno a proprietari nella, terraferma in N. A. Yen., n. s. 1920 vol. XXXVIII, pp. 5-31	59dc75cefe76834059d4496b	<Book: The procurators of San Marco in the thirteenth and fourteenth centuries : a study of the office as a financial and trust institution,  Leo S. Olschki ed., [1971, 1971>	59e23a5388316162133f2215	Lazzarini, L'avvocato dei carcerati poveri a Venezia, reprinted in Proprietà e feudi, offizi, garzoni , carcerati in antiche leggi veneziane, Rome 1960, pp. 89-113.	0	1
595fa07dfe7683316b2dea08	<Article: "Atti della R. deputazione veneta di storia patria" in "Archivio veneto-tridentino", 3(None) 1923, internal_id=LO10016734:1923_3:8>	591463adfb15c81221c68328	Yitt. Lazzarini, Antiche leggi venete intorno a proprietari nella, terraferma in N. A. Yen., n. s. 1920 vol. XXXVIII, pp. 5-31	595fb7ccfe76834e63f6c027	<Book: Bibliografia storico-analitica dell'arte della stampa in Venezia,  La Reale Deputazione Editrice,, 1933>	59e333088831617f5ee8877e	Atti Eruditi della Società Albrizziana-Parte bibliografica - Albrizzi Almorò, Leggi venete circa le stampe, pp. 24 in 16°. Brevissimo sunto, diviso in venticinque punti ; privilegi, correttori, censura, matricola, false date, anonimi ecc. Le citazioni, da raccolte a stampa. 20.- Salvioli G. B. L’ arte della stampa nel Veneto. - La proprietà letteraria, in Giornale degli Economisti pubblicato dalla Società d’Incoraggiamento in Padova ». Anno II, Volume IV (1877), pp. 191-212 e 261-285.	0	1
595fa07dfe7683316b2dea08	<Article: "Atti della R. deputazione veneta di storia patria" in "Archivio veneto-tridentino", 3(None) 1923, internal_id=LO10016734:1923_3:8>	591463adfb15c81221c68328	Yitt. Lazzarini, Antiche leggi venete intorno a proprietari nella, terraferma in N. A. Yen., n. s. 1920 vol. XXXVIII, pp. 5-31	59dc7541fe76834059d4440b	<Book: Il sistema fiscale veneto : problemi e aspetti,  Libreria universitaria editrice,, 1982>	59e23a598831616213460a45	V. LAZZARINI, “Beni Carraresi e proprietari veneziani”, in Studi in onore di Gino Luzzato, I (Milan, 1960 );ibid., “Antiche leggi venete intorno ai proprietari nella terraferma”, Nuovo archivio veneto, N.S., voi. 38 (1920),	0	1
595fa07dfe7683316b2dea08	<Article: "Atti della R. deputazione veneta di storia patria" in "Archivio veneto-tridentino", 3(None) 1923, internal_id=LO10016734:1923_3:8>	591463adfb15c81221c68328	Yitt. Lazzarini, Antiche leggi venete intorno a proprietari nella, terraferma in N. A. Yen., n. s. 1920 vol. XXXVIII, pp. 5-31	59dc74bcfe768340301bea1b	<Book: Venice and the Veneto in the early Renaissance,  Ashgate Variorum, , 2000, ISBN: 086078813X>	59e332f78831617f5ee043c7	Lazzarini, ‘Antiche Leggi Venete intorno ai Proprietari nella Terraferma’, reprinted in Proprietà e Feudi, Offizi, Garzoni, Carcerati in Antiche Leggi Veneziane (Rome, 1960), 9-29.	0	1
595fa07dfe7683316b2dea08	<Article: "Atti della R. deputazione veneta di storia patria" in "Archivio veneto-tridentino", 3(None) 1923, internal_id=LO10016734:1923_3:8>	591463adfb15c81221c68328	Yitt. Lazzarini, Antiche leggi venete intorno a proprietari nella, terraferma in N. A. Yen., n. s. 1920 vol. XXXVIII, pp. 5-31	59dc74a1fe768340301be909	<Book: Chioggia al tramonto del Medioevo,  Il leggio libreria editrice,, 1992>	59df6ec59be3c75dd98c3ae2	LAZZARINI V., Obbligo d'assumere pubblici uffici nelle antiche leggi veneziane, in «Proprietà e feudi, offici, garzoni, carcerati in antiche leggi veneziane», Roma 1960.	0	1
595fa07dfe7683316b2dea08	<Article: "Atti della R. deputazione veneta di storia patria" in "Archivio veneto-tridentino", 3(None) 1923, internal_id=LO10016734:1923_3:8>	591463adfb15c81221c68328	Yitt. Lazzarini, Antiche leggi venete intorno a proprietari nella, terraferma in N. A. Yen., n. s. 1920 vol. XXXVIII, pp. 5-31	595f9d2ffe7683316b2dc61b	<Book: La massoneria veneta dalle origini alla chiusura delle logge (1729-1785),  Del Bianco,, 1988>	5919e9673dde944752f6a76c	Lazzarini, Le origini del partito democratico a Padova fino alla municipalità del 1797, Venezia 1920, pp. 15-17;	0	1
						59e2c59e88316171ebb767ae	Lazzarini, Vittorio: Antiche leggi venete intorno a proprietari nella terraferma, N. Arch. Ven. ser. II, anno XXI, vol. XXXVIII, 1..	1	1